symbol,region
AAPL,US
MSFT,US
GOOGL,US
AMZN,US
META,US
NVDA,US
AMD,US
INTC,US
QCOM,US
AVGO,US
CSCO,US
IBM,US
ORCL,US
CRM,US
ADBE,US
TXN,US
MU,US
AMAT,US
LRCX,US
KLAC,US
JPM,US
BAC,US
WFC,US
C,US
GS,US
MS,US
AXP,US
USB,US
PNC,US
BK,US
SCHW,US
V,US
MA,US
BRK-B,US
BLK,US
XOM,US
CVX,US
COP,US
EOG,US
OXY,US
SLB,US
MPC,US
PSX,US
VLO,US
JNJ,US
MRK,US
PFE,US
ABBV,US
BMY,US
AMGN,US
GILD,US
UNH,US
CVS,US
CI,US
LLY,US
TMO,US
ABT,US
MDT,US
CAT,US
DE,US
GE,US
HON,US
MMM,US
LMT,US
RTX,US
NOC,US
GD,US
FDX,US
UPS,US
UNP,US
CSX,US
WMT,US
TGT,US
COST,US
HD,US
LOW,US
PG,US
KO,US
PEP,US
MO,US
PM,US
T,US
VZ,US
CMCSA,US
DIS,US
NFLX,US
GM,US
F,US
DHI,US
LEN,US
NEM,US
FCX,US
NUE,US
STLD,US
MET,US
PRU,US
ALL,US
TRV,US
AIG,US
KR,US
EBAY,US
PYPL,US
SAP.DE,Europe
SIE.DE,Europe
ALV.DE,Europe
DTE.DE,Europe
BAS.DE,Europe
BMW.DE,Europe
MBG.DE,Europe
VOW3.DE,Europe
DBK.DE,Europe
DHL.DE,Europe
IFX.DE,Europe
RWE.DE,Europe
EOAN.DE,Europe
MUV2.DE,Europe
HEN3.DE,Europe
ADS.DE,Europe
AIR.PA,Europe
OR.PA,Europe
MC.PA,Europe
SAN.PA,Europe
TTE.PA,Europe
BNP.PA,Europe
ACA.PA,Europe
GLE.PA,Europe
SU.PA,Europe
DG.PA,Europe
CS.PA,Europe
RI.PA,Europe
CAP.PA,Europe
ENGI.PA,Europe
VIE.PA,Europe
ASML.AS,Europe
INGA.AS,Europe
AD.AS,Europe
PHIA.AS,Europe
HEIA.AS,Europe
SHEL.L,Europe
BP.L,Europe
HSBA.L,Europe
BARC.L,Europe
LLOY.L,Europe
NWG.L,Europe
AZN.L,Europe
GSK.L,Europe
ULVR.L,Europe
RIO.L,Europe
BATS.L,Europe
DGE.L,Europe
NG.L,Europe
VOD.L,Europe
TSCO.L,Europe
NESN.SW,Europe
NOVN.SW,Europe
ROG.SW,Europe
UBSG.SW,Europe
ABBN.SW,Europe
ZURN.SW,Europe
SAN.MC,Europe
BBVA.MC,Europe
IBE.MC,Europe
ITX.MC,Europe
REP.MC,Europe
TEF.MC,Europe
ENEL.MI,Europe
ENI.MI,Europe
ISP.MI,Europe
UCG.MI,Europe
G.MI,Europe
NOKIA.HE,Europe
KNEBV.HE,Europe
VOLV-B.ST,Europe
ERIC-B.ST,Europe
ATCO-A.ST,Europe
EQNR.OL,Europe
DNB.OL,Europe
NOVO-B.CO,Europe
MAERSK-B.CO,Europe
7203.T,Asia
6758.T,Asia
8306.T,Asia
8316.T,Asia
8411.T,Asia
9984.T,Asia
9983.T,Asia
9432.T,Asia
9433.T,Asia
9434.T,Asia
7267.T,Asia
7269.T,Asia
6501.T,Asia
6503.T,Asia
6702.T,Asia
6701.T,Asia
6902.T,Asia
6861.T,Asia
8035.T,Asia
6857.T,Asia
4063.T,Asia
4502.T,Asia
4503.T,Asia
4519.T,Asia
4523.T,Asia
6367.T,Asia
8058.T,Asia
8031.T,Asia
8001.T,Asia
8002.T,Asia
8053.T,Asia
8766.T,Asia
8725.T,Asia
8591.T,Asia
2914.T,Asia
3382.T,Asia
9020.T,Asia
9022.T,Asia
8801.T,Asia
8802.T,Asia
0700.HK,Asia
9988.HK,Asia
3690.HK,Asia
9618.HK,Asia
1810.HK,Asia
9999.HK,Asia
0939.HK,Asia
1398.HK,Asia
3988.HK,Asia
2318.HK,Asia
0883.HK,Asia
0857.HK,Asia
0386.HK,Asia
0941.HK,Asia
1299.HK,Asia
0011.HK,Asia
0001.HK,Asia
0016.HK,Asia
0002.HK,Asia
1211.HK,Asia
0175.HK,Asia
2330.TW,Asia
2303.TW,Asia
2317.TW,Asia
2454.TW,Asia
2382.TW,Asia
2881.TW,Asia
2882.TW,Asia
005930.KS,Asia
000660.KS,Asia
005380.KS,Asia
000270.KS,Asia
035420.KS,Asia
005490.KS,Asia
051910.KS,Asia
RELIANCE.NS,Asia
TCS.NS,Asia
INFY.NS,Asia
HDFCBANK.NS,Asia
ICICIBANK.NS,Asia
SBIN.NS,Asia
ITC.NS,Asia
LT.NS,Asia
HINDUNILVR.NS,Asia
BHARTIARTL.NS,Asia
SUNPHARMA.NS,Asia
D05.SI,Asia
O39.SI,Asia
U11.SI,Asia
Z74.SI,Asia
